Yr1996,Yr1997,Yr1998,Yr1999,Yr2000,Yr2001,Yr2002,Yr2003,Yr2004,Yr2005,Yr2006,Yr2007,Yr2008,Yr2009,Yr2010,Yr2011,Yr2012,,
"72,180","79,482","86,500","96,902","108,527","119,436","138,370","156,505","178,899","189,983","204,235","219,804","217,192","213,490","236,086","232,770","238,406",,https://www.data.gov.uk/dataset/cace4ffc-e6f0-4577-8a2c-3e6fd2881909/mean-house-prices-land-registry
"73,117","80,599","87,778","98,385","110,589","121,769","141,108","159,357","181,330","192,247","206,715","222,619","220,310","216,493","240,033","236,685","242,494",,
"51,635","56,366","57,891","59,463","62,993","67,684","74,831","94,115","118,842","130,559","133,195","141,345","142,039","141,966","143,963","137,103","134,475",,
"47,644","51,438","51,621","55,529","57,411","58,405","65,945","81,512","103,895","116,666","124,366","126,910","126,096","122,477","127,949","121,513","120,825",,
"45,253","47,552","49,765","54,255","53,430","55,017","60,009","73,791","79,161","92,654","110,168","123,388","122,516","117,570","121,374","121,795","121,377",,
"47,499","49,102","57,516","49,681","50,440","53,234","58,691","68,741","87,893","100,994","115,917","118,821","113,312","118,709","115,379","113,098","120,479",,
"61,575","65,317","66,686","72,270","75,697","81,330","95,052","115,526","141,409","153,796","165,140","178,371","181,190","170,912","180,428","169,904","167,730",,
"47,387","49,805","51,149","51,503","54,814","58,819","68,486","83,004","99,528","114,857","125,995","130,638","125,666","126,145","127,113","122,293","125,205",,
"54,972","57,395","58,634","62,464","65,786","71,179","80,149","98,410","119,795","131,954","143,160","151,487","147,069","146,393","147,660","137,795","146,074",,
"50,340","53,114","56,641","58,667","61,814","67,533","79,549","100,952","122,013","130,028","140,177","144,723","144,606","144,069","147,204","139,985","142,799",,
"46,943","48,101","51,154","51,465","56,295","63,334","72,388","94,138","113,215","121,167","129,095","134,601","132,694","134,457","133,667","131,576","132,696",,
"55,292","59,030","65,866","68,618","74,129","82,836","97,960","124,269","146,744","152,463","163,790","169,822","176,544","170,585","173,266","164,415","169,107",,
"51,350","54,962","58,115","60,127","61,764","63,872","78,577","102,066","127,100","135,825","146,679","150,005","146,413","147,099","157,749","148,255","151,790",,
"48,091","50,237","52,226","54,937","56,551","61,744","68,313","85,989","108,232","118,918","127,319","134,606","128,138","129,837","134,608","124,865","124,347",,
"47,503","49,372","51,305","53,299","55,064","59,891","71,123","88,944","107,720","115,176","123,439","129,874","126,967","121,388","125,672","119,789","123,252",,
"40,279","41,879","44,422","47,508","49,982","51,800","57,126","67,108","84,889","96,912","108,584","118,730","115,688","114,200","114,755","111,052","115,172",,
"44,705","46,321","48,360","50,773","53,094","60,148","65,841","81,091","103,396","116,306","121,991","127,588","123,774","111,315","113,232","106,218","102,666",,
0,0,0,0,0,0,0,0,0,0,0,0,"223,252","212,059","231,940","217,462","214,341",,
0,0,0,0,0,0,0,0,0,0,0,0,"196,188","193,164","198,398","190,367","192,797",,
"51,101","56,876","56,911","59,922","64,761","66,986","78,558","96,064","117,793","129,693","134,401","134,195","133,206","132,157","139,596","133,643","130,706",,
"64,585","68,546","74,592","82,988","91,641","99,054","117,436","136,392","159,443","166,940","177,788","179,827","174,463","168,004","184,482","182,867","178,559",,
"55,925","60,103","63,653","66,388","71,891","78,158","88,275","107,312","130,897","146,327","157,841","168,006","173,856","166,625","171,004","162,255","164,799",,
"53,077","57,227","60,437","64,262","68,727","74,573","82,946","101,731","123,778","141,665","156,495","166,062","166,044","162,134","166,152","157,336","160,634",,
"35,227","38,593","41,661","42,117","45,013","50,226","53,735","60,735","77,345","92,256","103,119","113,383","116,295","117,155","114,025","111,162","114,572",,
"52,940","55,028","57,479","58,796","61,780","62,723","73,158","93,615","118,584","128,236","135,746","146,557","145,960","136,473","140,433","139,952","141,639",,
"44,976","45,592","46,957","50,906","52,266","53,095","59,339","73,974","99,254","109,946","122,445","130,208","128,797","130,639","133,590","129,660","125,612",,
"64,183","68,418","75,884","77,896","86,107","94,011","115,605","143,426","177,766","197,231","205,891","211,450","222,223","203,033","211,913","202,148","191,702",,
"73,809","78,936","83,156","88,425","99,239","116,273","130,005","161,697","195,701","211,834","225,670","243,653","250,459","228,072","240,467","224,595","227,436",,
"51,621","55,644","58,210","62,861","67,602","73,792","85,264","99,662","121,513","133,956","146,386","156,459","150,712","147,102","152,971","148,963","151,475",,
"48,396","51,499","53,429","56,696","60,126","63,728","73,498","82,306","107,236","121,502","131,552","140,978","139,306","131,834","131,462","126,942","125,125",,
"50,067","53,668","55,548","60,110","63,459","70,683","85,245","100,048","121,209","135,309","142,352","150,301","146,493","146,695","146,763","141,853","141,344",,
"41,991","45,034","52,184","54,890","65,527","73,691","84,632","94,788","112,235","127,007","144,305","156,290","144,953","141,431","146,543","145,264","147,801",,
"45,133","48,338","50,087","51,554","51,901","55,468","63,881","74,310","93,775","105,157","121,270","131,092","128,785","120,710","128,539","119,790","120,751",,
"45,525","50,427","51,161","55,613","58,602","62,992","71,167","81,792","104,636","112,688","123,612","132,108","128,712","124,202","124,096","122,832","127,735",,
"48,494","49,104","51,971","54,273","59,801","59,519","71,032","87,390","112,106","123,946","133,207","143,164","136,251","128,477","132,310","127,183","134,834",,
"65,665","69,695","73,920","79,843","88,664","97,807","113,789","138,306","161,745","169,214","182,200","195,665","194,380","185,317","190,757","186,087","188,637",,
"44,212","47,188","47,639","53,053","55,671","59,651","69,912","85,108","103,029","115,770","124,831","137,731","133,181","124,629","123,027","121,148","120,039",,
"76,760","86,388","89,546","101,514","113,363","130,081","150,336","171,090","202,328","224,770","229,411","247,458","245,836","224,680","248,180","244,375","239,585",,
"47,228","49,756","51,700","54,379","55,964","60,034","67,170","85,355","104,843","115,209","126,942","132,076","128,838","122,561","125,387","120,382","121,908",,
"53,541","57,509","59,658","63,806","65,752","71,539","80,806","98,426","117,766","126,954","140,587","152,469","153,069","150,312","152,578","148,176","148,281",,
"35,838","41,507","41,878","42,986","42,070","42,199","38,371","51,216","55,707","67,125","85,199","96,410","96,287","92,238","89,441","90,030","94,205",,
"57,313","62,246","68,878","72,218","74,528","79,763","97,133","115,065","139,582","151,990","159,510","165,297","168,664","171,577","169,091","167,141","171,490",,
"67,182","73,243","74,090","80,118","87,372","92,801","116,523","139,214","170,582","184,770","198,952","204,833","206,946","194,535","200,145","192,499","186,358",,
"35,976","37,751","40,786","42,179","42,597","45,486","49,149","54,368","72,189","87,794","97,485","108,354","107,640","100,012","98,459","96,630","101,062",,
"52,372","53,349","55,775","61,361","63,809","68,308","79,068","100,459","126,733","138,564","144,723","158,136","154,237","149,595","155,682","145,808","150,604",,
"38,300","42,999","42,407","45,439","46,018","50,981","49,419","62,881","73,924","83,430","102,876","115,829","119,526","108,297","111,342","106,788","109,123",,
"53,489","55,624","60,439","60,062","59,320","71,434","77,012","93,519","115,957","132,909","141,421","150,018","137,725","142,262","139,665","132,755","138,626",,
"72,716","76,730","78,982","87,679","92,128","106,423","123,256","148,652","190,771","197,057","209,050","230,464","234,541","211,026","217,443","222,785","212,635",,
"43,785","49,915","55,310","54,263","56,188","60,710","65,748","84,375","107,055","124,104","123,481","132,985","136,753","130,759","129,317","127,880","125,208",,
"57,067","58,469","62,364","67,618","68,075","75,986","91,950","114,699","140,015","147,030","156,432","167,039","159,577","153,343","162,479","154,781","149,881",,
"65,257","72,387","75,070","82,230","87,835","94,386","110,985","129,921","156,976","160,793","172,655","191,903","189,241","185,032","194,899","191,193","180,985",,
"57,542","61,049","62,972","68,588","72,486","78,074","93,785","120,201","139,848","154,589","165,846","172,664","174,336","163,840","160,803","158,707","153,189",,
"51,870","53,175","55,428","60,373","64,283","71,337","80,408","95,342","118,620","130,894","141,186","147,775","144,846","144,850","145,992","142,611","141,555",,
"48,829","49,916","53,292","55,529","58,153","60,263","66,811","82,258","108,797","123,356","124,928","125,322","127,149","117,802","114,851","116,117","117,307",,
"46,437","46,475","47,705","52,440","56,485","63,060","68,510","82,597","103,924","115,577","127,807","134,991","131,030","133,328","130,707","128,205","127,424",,
"50,626","49,220","51,313","55,344","58,665","65,709","73,921","88,056","112,023","122,604","128,959","136,016","132,154","122,372","132,055","119,797","120,767",,
"59,363","62,067","65,351","70,907","75,402","84,005","97,734","117,575","140,417","157,153","164,762","171,933","167,776","168,362","168,539","159,745","158,999",,
"54,015","56,231","58,266","63,469","68,117","76,531","88,262","104,593","130,234","140,720","153,665","161,351","161,809","158,288","162,625","163,310","159,952",,
"60,388","62,304","64,527","66,989","70,854","77,160","95,367","117,860","145,330","154,721","164,529","174,462","175,395","160,707","169,362","163,298","162,203",,
"35,742","35,973","36,870","40,291","40,108","41,483","47,485","57,227","66,348","78,982","90,953","100,898","100,634","92,840","98,310","97,786","98,330",,
"42,684","45,989","45,753","49,342","49,381","53,319","59,256","73,819","92,961","99,492","111,893","119,775","118,702","122,435","124,253","120,309","118,735",,
"47,489","49,611","51,255","53,786","56,668","62,511","70,472","91,485","114,584","125,149","131,442","137,541","137,828","130,109","134,917","125,993","127,583",,
"67,745","71,083","72,882","76,876","87,483","102,625","130,563","149,597","171,740","182,401","192,921","210,942","199,196","191,144","202,823","201,286","208,983",,
"72,816","76,914","79,439","86,226","94,230","103,982","127,214","154,814","186,409","197,954","211,336","223,853","220,790","209,903","223,065","218,113","215,638",,
"68,792","74,919","79,880","81,698","87,838","100,161","125,207","149,695","176,406","190,066","211,812","216,546","208,794","196,994","218,926","202,729","211,508",,
"78,697","85,146","90,724","94,948","104,662","118,422","139,446","172,594","208,265","218,077","230,208","238,830","243,790","221,396","233,893","240,056","236,480",,
"84,375","87,438","94,889","109,286","117,856","131,047","159,943","193,298","221,138","233,259","249,122","273,167","272,559","255,483","274,166","268,480","263,674",,
"70,695","77,370","76,421","89,121","92,866","94,070","115,248","138,234","177,822","190,690","203,922","228,666","216,858","220,787","244,615","214,402","211,427",,
"71,813","77,796","75,980","87,114","95,539","107,169","133,515","162,693","196,056","208,188","228,042","238,917","239,165","208,816","230,834","222,769","220,638",,
"57,473","59,382","60,786","63,002","68,196","75,183","90,358","112,483","143,994","155,186","160,091","168,124","172,112","159,203","165,414","163,333","157,575",,
"66,364","69,578","69,989","73,324","80,342","88,243","115,281","143,678","164,836","177,781","187,480","199,404","185,650","182,276","178,917","182,443","185,150",,
"48,342","50,764","53,468","56,484","59,515","64,876","74,742","92,510","114,827","125,137","134,752","141,849","137,697","135,298","140,014","133,249","138,213",,
"44,312","46,549","49,610","51,124","53,382","58,390","63,150","79,028","103,180","113,339","120,870","129,827","127,995","119,398","122,005","117,434","119,505",,
"44,646","48,873","50,554","51,954","53,956","55,317","65,595","84,849","108,755","117,876","126,159","131,955","131,702","123,904","130,029","123,132","125,335",,
"47,324","48,458","49,953","55,517","57,293","62,020","71,073","86,859","106,216","118,520","128,910","137,348","133,621","128,537","133,244","127,677","132,907",,
"52,479","54,555","58,372","61,901","66,567","75,382","87,915","107,010","128,919","138,049","149,317","155,835","147,424","151,795","156,598","148,839","155,450",,
"54,283","57,028","59,611","63,557","67,775","72,497","83,901","103,913","124,144","136,505","148,432","156,476","153,182","148,401","156,473","149,593","151,066",,
"52,240","54,133","55,365","59,503","61,745","66,393","74,421","88,375","108,799","122,927","136,814","147,265","144,490","141,262","146,379","142,007","141,076",,
"48,519","52,637","54,991","55,615","59,480","65,397","72,222","93,455","114,840","129,023","138,729","148,777","146,191","141,293","148,476","139,624","139,383",,
"53,609","55,413","58,575","60,812","65,526","68,296","78,337","99,446","120,344","133,779","146,917","153,514","152,882","146,739","151,523","143,584","146,365",,
"58,091","61,354","65,049","70,909","77,330","83,803","99,795","122,809","142,433","153,199","163,772","171,077","166,434","159,153","172,133","166,155","169,243",,
"53,119","55,793","56,874","59,358","62,326","66,180","77,231","98,856","118,638","131,277","138,762","145,967","141,838","137,600","142,190","132,560","133,484",,
"47,812","49,496","52,781","56,571","61,626","71,178","83,240","104,974","129,685","136,670","145,659","150,977","143,586","139,933","142,043","136,104","141,781",,
"45,175","46,793","50,196","53,904","57,964","65,442","84,028","105,854","127,146","132,360","136,638","145,422","144,603","136,649","138,750","139,242","137,634",,
"47,086","49,435","52,858","56,155","59,280","67,890","84,717","105,515","119,414","124,817","127,126","129,407","125,021","124,722","121,771","118,311","119,221",,
"84,168","92,374","101,595","106,553","133,688","148,431","165,916","200,953","220,267","239,115","243,289","268,411","285,814","239,224","273,911","252,091","266,895",,
"56,706","60,335","62,987","68,191","71,955","78,996","93,366","117,212","139,402","149,796","158,366","168,169","162,585","158,537","163,901","156,843","161,524",,
"52,576","54,792","57,807","63,976","65,000","74,174","89,278","113,247","134,751","140,938","152,456","166,426","156,250","152,275","162,334","153,568","158,831",,
"42,651","45,983","48,341","51,267","52,051","56,519","59,682","79,483","98,018","112,870","118,495","131,220","128,776","121,692","115,424","107,504","109,066",,
"50,798","51,093","52,311","56,411","61,704","67,810","76,185","96,348","116,825","129,196","140,548","147,108","142,154","130,094","142,498","130,815","135,383",,
"83,072","89,278","94,453","100,566","116,784","126,068","145,588","173,898","215,275","235,876","239,402","257,600","244,054","238,392","254,166","237,683","244,192",,
"48,954","53,285","54,778","58,054","60,312","69,424","83,702","108,916","126,232","133,558","135,728","145,730","137,698","134,300","136,487","136,341","139,613",,
"62,202","66,678","70,973","75,722","79,803","91,702","110,528","132,143","157,513","165,468","174,404","184,385","188,282","178,901","175,082","176,001","171,498",,
"59,476","60,258","65,166","69,889","71,531","77,257","90,010","115,723","136,384","151,800","160,915","168,580","165,091","165,645","165,161","167,637","162,960",,
"59,706","64,655","67,428","76,074","81,615","86,497","104,405","133,261","148,647","160,359","170,002","174,790","168,213","166,809","169,820","163,633","175,197",,
"65,595","68,826","74,114","81,245","88,143","98,561","119,677","147,043","165,878","177,319","184,686","194,454","184,355","174,354","189,719","185,737","183,975",,
"62,285","65,887","70,859","76,621","83,039","91,765","110,323","140,600","158,573","168,486","176,449","184,971","173,069","162,797","173,972","178,023","175,246",,
"63,057","67,479","72,153","75,833","81,582","92,103","114,196","140,478","163,578","172,936","187,878","190,675","183,238","169,097","184,234","185,524","181,828",,
"75,535","81,488","92,488","102,069","116,062","124,265","154,340","189,978","204,766","218,386","220,805","239,714","230,015","214,332","238,957","230,086","229,464",,
"60,016","63,881","65,891","75,576","80,888","96,874","112,214","137,685","156,294","166,833","171,108","185,492","172,421","171,113","178,503","172,533","169,586",,
"88,452","75,038","82,661","87,324","97,197","104,127","133,065","156,298","172,070","187,672","195,743","207,573","191,499","180,058","197,847","188,182","201,412",,
"59,175","64,617","69,558","76,737","80,501","92,932","111,576","135,581","156,066","164,979","173,661","178,348","171,835","161,670","175,361","168,213","164,314",,
"62,851","68,064","71,451","74,358","80,333","88,441","109,312","138,521","156,359","166,856","165,167","178,218","162,427","153,857","173,759","177,361","164,492",,
"52,036","55,564","58,902","62,471","70,267","78,078","96,422","120,303","140,628","149,489","154,631","164,094","159,640","149,920","157,639","152,779","153,633",,
"45,444","46,969","49,233","51,503","57,359","66,425","81,568","105,516","123,222","128,086","133,532","142,130","137,616","127,384","128,277","129,529","134,788",,
"49,694","53,213","56,861","59,121","66,512","73,856","91,553","115,034","137,800","147,455","153,045","163,672","154,205","145,794","153,748","145,778","146,968",,
"44,580","45,842","48,744","49,252","53,382","59,205","76,751","99,094","119,022","126,289","131,367","138,285","134,000","132,141","128,558","129,837","130,678",,
"55,969","59,406","61,402","65,720","74,748","82,297","103,662","130,232","148,041","156,887","164,797","175,194","173,093","159,603","165,110","161,275","164,719",,
"48,740","53,897","56,927","62,721","75,534","84,586","100,287","123,610","138,578","151,735","155,616","164,618","153,319","141,035","152,126","143,153","150,143",,
"59,848","64,799","68,838","75,711","84,533","95,811","117,900","140,267","162,700","172,149","174,948","188,652","185,376","169,133","182,570","177,620","177,242",,
"52,797","56,598","60,014","60,978","68,318","73,596","90,950","115,746","141,548","142,435","151,399","162,036","162,262","154,078","166,322","159,832","149,421",,
"60,483","66,971","73,589","79,969","90,324","101,944","118,565","141,280","155,344","162,464","169,818","181,828","178,573","171,509","179,876","178,560","179,129",,
"44,246","47,366","54,950","54,506","58,789","60,594","75,284","95,189","111,950","123,519","130,307","146,271","145,121","127,671","131,017","132,446","135,287",,
"76,695","81,862","98,040","104,356","116,355","132,876","150,211","176,496","188,547","195,217","211,827","233,841","239,036","215,858","233,952","222,263","226,298",,
"58,088","66,326","73,915","82,386","90,054","98,927","118,622","148,344","161,873","170,689","176,004","186,179","184,404","176,341","189,353","187,603","184,497",,
"51,064","55,502","59,108","66,148","74,197","82,740","102,265","127,531","142,760","149,888","155,366","162,845","158,262","151,363","154,167","151,889","157,989",,
"55,259","62,601","66,816","71,323","84,195","95,579","110,620","129,227","145,305","149,162","157,503","165,604","158,412","149,169","155,100","156,663","160,501",,
"83,716","93,829","104,572","114,534","134,936","151,768","173,534","197,333","209,173","216,622","231,812","255,635","252,948","232,767","255,533","249,176","248,276",,
"50,855","55,168","59,459","67,941","74,655","86,627","101,545","121,996","136,251","150,042","149,887","161,272","156,950","157,222","157,925","157,118","160,304",,
"57,574","60,433","63,672","70,014","75,585","82,009","98,963","121,153","140,918","149,254","154,966","161,174","154,052","155,319","159,501","156,615","155,754",,
"41,791","45,298","48,044","52,761","56,525","59,847","70,246","89,188","109,624","115,337","120,359","125,970","119,413","114,245","120,816","121,383","120,796",,
"52,693","56,451","55,574","62,376","67,218","70,898","88,576","109,559","128,085","140,323","146,689","151,007","149,825","141,008","144,249","141,368","138,565",,
"55,427","57,410","60,698","68,391","72,750","81,386","101,631","126,813","145,491","151,619","155,470","162,196","154,210","150,718","155,089","149,057","150,485",,
"56,879","60,785","62,928","66,260","73,903","82,562","103,529","129,145","140,712","154,264","157,588","159,148","151,094","149,345","159,406","157,636","151,716",,
"44,129","44,653","46,404","51,072","51,424","56,380","68,170","84,601","106,577","114,068","118,845","124,681","120,428","118,442","119,683","115,804","113,376",,
"63,800","62,611","70,479","74,937","81,986","90,112","112,921","133,152","154,688","164,157","168,521","176,994","173,461","168,060","172,652","166,637","167,457",,
"80,573","83,850","91,689","99,342","116,415","128,349","151,955","183,618","206,363","212,436","216,804","228,159","213,270","212,742","228,918","224,275","224,451",,
"69,015","74,227","84,378","92,332","103,913","115,652","137,059","162,483","190,698","198,076","211,005","222,073","223,920","206,897","223,664","216,370","213,165",,
"67,865","73,069","78,535","83,535","93,624","105,987","127,356","152,718","177,534","188,424","201,367","213,622","211,639","198,086","208,309","204,035","199,890",,
"36,164","37,834","39,335","40,982","42,813","46,685","52,329","62,355","81,088","92,851","98,950","103,518","103,610","98,518","99,431","97,707","98,234",,
"55,384","59,338","62,510","67,326","72,257","79,035","93,618","114,120","135,213","138,014","147,545","155,575","157,359","155,085","157,229","152,769","153,224",,
"61,664","66,486","70,973","75,985","81,670","90,339","107,713","128,788","150,033","160,622","170,059","177,111","175,381","166,951","175,367","168,881","170,099",,
"53,224","54,522","59,894","63,946","64,975","73,796","90,002","108,543","122,430","134,994","145,264","151,298","143,865","137,243","137,162","137,638","141,224",,
"53,898","59,582","65,031","68,631","74,172","82,164","100,533","118,422","139,749","143,240","156,811","166,207","157,313","158,867","168,144","156,383","161,286",,
"78,944","85,884","94,498","105,599","115,370","122,432","146,038","172,567","196,486","207,281","215,913","226,993","226,802","207,492","233,374","213,959","214,581",,
"50,266","58,476","59,097","62,550","64,838","67,927","79,620","101,070","122,071","130,331","139,587","144,864","151,079","143,657","145,064","144,808","143,576",,
"74,792","81,335","85,308","90,285","101,549","111,358","140,114","163,930","180,344","192,143","205,410","220,304","208,761","200,931","212,488","199,264","205,229",,
"66,147","69,520","76,463","78,654","85,140","96,698","114,521","137,676","163,335","178,620","180,905","187,495","191,400","174,858","182,733","184,761","179,426",,
"55,001","57,849","61,820","67,975","70,721","80,681","94,046","114,077","143,785","151,319","160,458","168,185","169,814","156,457","158,803","156,146","158,472",,
"58,493","61,698","66,087","72,051","77,300","86,712","100,895","117,110","137,554","145,531","155,825","156,383","153,730","148,772","149,026","146,885","148,790",,
"74,197","82,197","88,381","99,060","109,065","121,730","142,661","162,762","186,648","192,715","202,405","210,220","208,030","201,817","220,579","212,314","219,105",,
"62,553","70,076","73,743","76,155","84,137","91,554","110,666","127,889","155,731","165,982","171,450","181,148","180,545","177,145","171,062","163,270","168,100",,
"51,214","54,805","55,588","61,687","67,776","74,154","86,883","107,253","123,103","132,547","137,791","147,164","138,347","132,645","140,943","137,828","140,144",,
"61,436","68,868","74,313","79,697","93,657","106,868","128,256","140,484","169,716","170,985","182,179","185,784","186,732","171,052","186,461","182,282","186,050",,
"97,433","107,643","119,921","134,741","149,103","171,379","193,760","222,063","242,692","254,550","261,828","275,812","276,704","263,999","289,351","276,225","292,472",,
"83,042","92,475","102,493","117,616","129,398","139,909","169,938","192,342","211,948","218,873","230,493","237,305","233,705","220,632","252,709","239,597","246,664",,
"56,681","60,246","63,929","68,414","74,743","85,123","100,207","120,590","137,922","144,545","153,660","159,734","154,400","149,635","157,766","151,806","153,589",,
"55,422","58,495","62,518","67,425","74,403","86,516","101,845","125,702","140,499","148,377","155,424","162,383","158,863","147,755","160,120","153,799","155,161",,
"49,093","51,189","54,174","59,361","65,107","73,960","90,325","106,730","123,308","131,390","142,499","147,215","141,469","135,171","140,242","136,413","139,248",,
"57,283","60,871","65,471","67,599","71,593","79,422","93,566","113,352","130,730","136,883","145,347","151,989","146,500","145,364","151,181","145,121","145,300",,
"45,526","46,967","49,418","53,311","56,110","61,787","74,313","95,856","111,891","116,848","125,285","132,461","126,995","120,010","122,665","118,401","118,526",,
"87,319","95,946","106,186","113,260","130,596","147,513","168,822","193,710","216,761","219,945","232,146","244,897","228,051","227,138","251,164","238,079","240,587",,
"55,478","59,525","61,171","65,184","69,379","76,596","91,877","109,684","128,030","137,384","145,052","147,546","143,261","141,051","143,191","139,598","138,686",,
"50,567","53,431","54,737","59,772","61,368","69,079","80,823","96,969","116,031","126,881","134,058","138,322","136,492","130,760","125,858","128,498","132,484",,
"72,588","79,389","84,795","94,427","106,710","119,633","138,643","163,247","185,131","191,424","201,253","213,510","208,743","195,317","211,926","206,293","204,824",,
"90,889","93,194","103,631","121,415","133,460","141,489","163,425","190,303","210,751","217,232","229,642","237,599","246,069","222,478","241,076","237,408","237,248",,
"79,811","91,874","101,109","110,261","127,448","141,075","180,948","200,154","224,409","231,435","252,781","266,234","246,376","231,904","250,493","242,412","234,518",,
"61,831","68,485","71,871","78,945","89,710","98,770","111,643","133,298","152,756","153,518","162,516","169,867","162,604","153,707","165,790","158,528","165,973",,
"58,894","63,039","68,822","76,034","89,091","100,478","119,501","141,162","159,671","166,024","176,780","188,401","176,947","165,698","176,289","176,872","178,456",,
"81,628","91,587","97,324","107,950","124,774","139,076","155,759","186,663","213,797","223,569","231,525","250,211","248,808","221,355","249,645","239,980","233,164",,
"61,132","67,101","71,793","79,434","84,653","99,980","114,030","138,983","159,203","166,349","172,606","182,808","179,246","164,762","176,307","172,293","170,614",,
"66,567","72,424","80,970","91,116","102,557","115,996","133,630","155,380","172,233","180,287","192,086","207,555","206,031","194,015","218,045","212,408","213,658",,
0,0,0,0,0,0,0,0,0,0,0,0,"218,843","206,136","223,526","219,350","224,178",,
"48,786","53,313","57,448","63,909","75,403","86,705","104,744","128,944","143,058","147,667","156,363","166,540","166,833","153,402","160,361","161,221","161,248",,
"52,156","55,071","57,799","63,777","69,626","79,397","98,549","115,961","135,312","141,326","154,095","163,401","160,092","147,764","155,751","153,376","153,297",,
"55,104","64,706","68,475","76,698","85,795","99,475","121,285","149,229","165,846","175,319","185,533","203,898","197,069","192,658","211,140","208,538","214,191",,
"55,201","62,960","70,183","76,415","82,382","98,535","125,529","148,816","162,213","173,404","177,375","185,127","188,222","176,472","181,786","182,722","180,974",,
"73,572","81,030","88,271","97,246","114,034","128,453","148,709","173,024","187,318","201,003","213,402","227,680","228,818","217,584","239,143","235,509","236,631",,
"88,864","101,020","110,792","122,434","152,741","175,984","198,713","223,624","231,512","246,976","271,198","297,835","286,811","286,437","321,189","317,927","328,298",,
"67,590","76,345","84,365","93,843","111,973","129,134","149,271","170,706","182,394","198,899","200,401","215,760","214,786","197,212","215,673","212,485","212,177",,
"45,678","49,552","53,128","58,329","65,339","73,980","96,029","118,238","133,567","142,895","146,825","153,684","152,132","140,460","144,202","144,786","141,349",,
"67,878","72,796","80,809","89,803","100,942","113,478","132,360","159,601","171,994","185,294","196,070","208,275","208,790","194,220","209,246","200,115","205,979",,
"91,755","101,505","115,587","124,238","147,643","167,624","193,400","210,514","233,385","235,105","258,990","278,654","273,877","256,066","275,086","284,411","283,493",,
"75,319","81,982","91,137","100,364","116,740","131,801","159,327","184,960","202,812","212,094","224,038","238,311","236,656","223,668","247,062","243,681","244,736",,
"70,344","75,923","83,640","90,574","109,314","115,322","137,977","162,861","178,129","189,395","198,187","212,899","212,127","206,054","225,478","219,266","221,378",,
"70,686","75,844","84,886","93,406","110,129","121,224","150,891","174,486","190,854","196,557","205,484","222,930","224,196","198,758","221,633","220,393","218,288",,
"106,303","119,189","127,906","147,992","168,641","192,251","222,789","256,286","274,022","292,001","315,786","328,266","318,215","321,959","347,749","349,772","345,403",,
"64,673","71,657","78,151","86,686","100,998","116,146","140,855","169,208","182,669","193,557","201,853","216,586","214,040","199,800","215,094","209,238","209,133",,
"73,183","83,177","93,136","104,077","117,354","137,384","170,755","199,824","213,606","220,839","233,003","253,957","243,438","243,913","260,003","252,586","256,452",,
"65,926","71,651","79,315","86,528","100,794","114,956","138,632","159,192","181,076","188,737","194,886","205,812","195,200","191,658","205,822","203,161","208,174",,
"108,957","116,773","135,907","152,645","175,589","199,148","230,110","265,486","279,591","291,630","313,870","338,477","351,044","318,145","351,785","359,358","351,555",,
"69,672","72,207","78,253","80,767","97,209","108,347","132,151","146,379","163,969","169,308","173,647","184,748","185,297","176,183","187,990","192,838","189,572",,
"78,547","83,547","94,428","100,729","119,361","134,759","165,715","190,976","213,800","230,029","233,771","252,052","248,778","225,266","244,630","251,877","244,003",,
"73,981","82,270","91,036","96,685","113,937","133,390","162,500","190,956","209,911","219,172","224,839","241,841","239,440","218,058","245,029","237,747","231,733",,
"52,604","56,578","62,156","70,003","80,573","93,412","115,433","139,176","157,713","162,598","175,069","184,812","187,224","159,478","175,405","170,179","174,002",,
"99,582","119,839","134,210","145,256","175,278","191,252","222,654","239,355","268,558","279,743","288,920","302,442","305,684","303,923","335,952","328,299","334,849",,
"95,838","107,129","121,910","134,324","158,559","173,202","201,519","227,179","243,347","258,255","273,005","294,917","298,229","288,395","317,376","312,933","323,619",,
"84,414","100,003","110,052","116,128","137,649","150,685","178,132","199,334","211,248","222,034","223,238","241,281","248,011","237,366","250,980","245,032","252,730",,
"96,369","109,766","124,103","134,541","162,144","174,677","196,938","228,328","242,581","254,033","266,507","294,141","301,494","291,791","317,333","308,593","320,203",,
"99,573","107,770","120,768","135,436","161,450","177,329","207,277","233,553","250,576","265,987","280,950","304,064","309,857","282,561","309,060","319,462","316,780",,
"114,494","124,138","142,983","159,161","174,085","204,861","233,572","263,200","275,244","298,068","320,442","343,230","333,837","332,979","373,700","361,978","369,406",,
"82,391","91,093","105,368","112,099","136,799","148,289","169,028","201,956","218,768","225,168","248,132","256,769","256,010","238,710","268,583","262,955","270,960",,
"113,178","130,107","147,202","167,297","202,316","221,954","259,139","285,797","300,096","321,805","343,181","384,084","387,564","373,878","420,396","417,160","441,349",,
"63,490","72,743","74,076","82,647","94,593","106,341","129,455","148,209","162,217","167,960","175,931","189,951","184,885","176,552","186,918","188,606","189,721",,
"117,556","131,724","156,918","165,112","202,708","213,218","248,227","268,049","297,778","320,143","327,733","371,106","363,191","355,826","393,228","375,483","411,941",,
"73,243","80,025","96,165","113,808","132,320","139,778","166,037","190,631","205,271","219,212","228,813","247,025","242,768","234,698","249,592","246,822","262,689",,
"100,357","115,770","123,673","137,670","161,239","173,036","201,763","225,187","244,243","253,544","273,091","273,769","300,575","293,256","318,894","310,874","308,039",,
"56,070","60,204","65,270","70,405","81,581","95,838","119,248","140,299","158,642","167,200","177,558","191,115","185,496","176,023","189,952","182,881","183,046",,
"54,492","59,025","69,141","68,715","79,544","93,289","116,907","137,329","155,021","165,349","174,167","185,609","183,000","169,488","185,113","176,653","175,464",,
"61,718","65,904","69,623","74,781","89,902","107,118","131,122","154,643","170,036","179,117","192,939","209,501","200,016","184,482","203,858","194,380","197,164",,
"44,723","49,529","52,176","54,559","61,831","70,427","87,949","108,000","127,624","129,976","138,519","156,684","145,529","143,705","149,380","142,939","149,520",,
"54,045","59,395","63,433","70,868","77,918","93,725","115,243","137,439","157,297","168,315","173,125","184,684","181,007","173,656","185,636","181,624","173,228",,
"59,941","63,524","71,612","76,520","89,459","103,327","128,384","154,824","175,334","185,140","194,488","207,749","211,436","197,857","211,330","204,433","203,914",,
"48,726","51,891","54,656","61,299","73,291","85,364","110,577","127,371","142,089","151,066","162,783","178,028","166,329","155,025","167,106","162,354","167,951",,
"65,778","68,575","72,403","81,145","97,318","114,698","143,395","164,256","184,650","196,323","206,097","216,184","203,082","195,711","212,796","205,066","204,051",,
"62,205","68,377","73,669","81,221","93,495","106,018","129,646","149,167","171,468","179,276","189,117","203,638","200,527","185,137","206,106","201,130","201,818",,
"70,396","79,476","84,609","94,151","106,689","121,710","159,402","177,172","191,087","205,506","221,681","238,263","226,321","213,330","245,949","235,233","235,225",,
"57,923","64,112","66,059","75,269","85,663","98,303","119,824","134,123","162,299","169,274","175,129","184,358","193,218","160,012","178,725","168,283","179,876",,
"50,528","52,809","58,220","65,942","73,525","88,376","101,252","120,703","142,183","145,887","155,473","160,162","151,113","134,639","148,902","149,000","156,101",,
"67,776","76,162","81,636","91,427","106,835","120,311","141,184","167,052","187,501","197,045","205,833","224,396","219,395","203,362","224,003","213,112","209,109",,
"67,281","73,091","82,008","87,175","103,811","114,241","141,771","160,823","182,271","192,390","205,432","222,682","210,128","196,049","213,225","217,832","215,450",,
"70,790","76,385","84,363","95,600","112,871","127,040","151,561","172,456","199,577","205,765","214,014","237,658","240,264","224,632","250,420","249,663","240,561",,
"50,381","55,722","56,548","61,622","70,992","81,114","98,723","122,440","140,799","150,362","155,588","170,404","171,579","159,976","175,016","168,666","168,756",,
"131,652","151,991","171,459","199,821","243,855","257,458","288,416","300,948","327,552","350,657","389,139","440,460","460,722","464,678","517,491","542,608","573,307",,
"171,181","198,296","226,232","248,713","319,463","342,121","379,420","387,417","413,579","445,692","494,843","562,202","651,580","601,094","714,133","721,879","790,914",,
"136,437","213,180","325,842","289,684","330,118","313,073","275,470","324,825","313,493","328,002","376,123","482,572","423,916","453,512","515,769","532,562","537,783",,
"76,157","89,396","103,956","128,561","156,265","179,896","204,663","220,813","236,832","252,152","278,301","314,839","319,121","314,322","346,012","358,425","379,615",,
"147,411","173,088","196,684","236,258","281,382","304,115","344,101","352,528","383,515","415,350","452,612","535,017","565,485","553,381","616,506","636,143","674,816",,
"102,681","106,906","124,342","143,660","171,268","193,511","227,159","237,561","259,888","275,161","305,870","353,426","348,204","350,646","394,416","413,972","418,719",,
"124,571","147,036","171,982","207,448","249,257","264,664","291,337","295,567","320,530","333,865","368,186","438,910","424,936","415,206","479,414","505,398","523,191",,
"300,305","351,479","384,010","436,878","563,857","580,309","620,434","673,092","715,023","756,125","874,844","1,033,470","1,181,803","1,036,158","1,246,588","1,288,411","1,519,402",,
"95,279","108,035","128,898","149,405","182,180","209,773","232,381","238,451","253,938","269,593","293,607","341,899","342,239","337,009","367,940","376,891","400,429",,
"63,028","73,011","83,156","95,818","119,209","134,782","161,257","184,707","198,756","204,569","223,491","248,615","250,685","239,766","264,250","268,750","282,454",,
"50,116","57,441","65,254","75,300","96,985","115,229","145,093","176,893","191,125","202,129","211,596","232,094","242,351","202,795","220,143","215,497","218,649",,
"87,500","105,372","124,405","144,222","189,628","208,963","221,365","239,819","253,027","272,654","290,718","333,658","330,408","339,256","376,780","401,804","415,727",,
"89,116","111,062","128,873","161,265","190,814","208,367","222,835","235,771","259,944","263,641","282,006","335,427","330,163","333,241","345,850","345,325","354,304",,
"119,995","137,898","156,860","192,862","233,966","253,815","287,003","301,361","336,833","349,890","397,432","456,837","445,953","459,342","493,416","507,906","533,252",,
"194,698","237,315","294,477","312,480","394,295","411,127","446,898","464,651","507,899","552,687","597,276","687,828","779,563","736,691","829,401","954,159","1,127,394",,
"90,959","102,375","115,499","133,333","155,414","171,769","200,959","223,278","243,335","253,878","272,150","300,535","300,915","292,760","327,404","332,909","339,826",,
"51,527","56,165","63,973","69,514","84,090","93,748","118,780","145,409","163,770","169,489","175,425","193,314","197,630","167,053","179,178","180,389","181,553",,
"112,262","137,832","149,302","176,851","201,850","220,649","259,984","285,901","311,320","321,119","344,734","382,813","389,443","380,868","442,468","441,600","451,152",,
"70,070","75,438","85,574","94,532","109,634","125,900","151,079","175,293","189,079","196,127","209,146","225,114","219,712","209,495","226,817","226,324","226,376",,
"82,630","96,575","111,517","125,466","154,855","176,188","209,963","232,629","249,785","266,942","284,786","322,262","331,542","322,904","345,643","365,050","396,286",,
"97,672","105,606","117,823","138,059","164,791","181,633","210,278","238,207","260,528","267,626","283,433","316,593","305,493","301,800","327,495","335,021","333,145",,
"75,671","83,177","94,149","106,835","128,094","144,664","172,290","196,823","209,800","220,825","231,898","248,198","254,643","234,332","254,688","254,664","262,695",,
"100,198","115,767","128,803","157,461","177,981","195,834","227,675","239,525","261,480","274,583","294,023","329,094","329,155","330,163","351,037","375,257","398,032",,
"83,768","94,784","102,206","114,165","134,501","154,170","177,971","206,329","220,251","229,469","244,399","268,757","270,096","266,899","283,783","285,647","295,621",,
"75,810","83,057","93,781","112,944","131,835","147,419","176,694","193,790","209,531","226,121","237,898","260,663","269,345","264,426","295,684","295,518","293,940",,
"94,873","110,760","126,253","144,135","169,825","183,825","222,446","256,312","272,093","281,659","296,273","320,818","315,316","290,358","331,136","343,243","346,285",,
"79,787","84,956","96,391","107,099","123,484","136,130","162,619","193,571","208,784","221,017","228,549","246,926","245,063","224,545","256,712","249,433","245,142",,
"85,175","99,939","108,517","119,880","143,893","157,871","184,265","211,061","224,628","234,790","254,013","271,896","268,738","256,124","282,419","288,764","297,544",,
"93,614","106,464","139,456","147,963","173,450","188,345","214,666","233,790","247,526","259,935","289,138","311,968","313,063","314,128","342,764","363,390","356,450",,
"107,291","116,115","134,740","152,554","188,019","202,057","231,890","244,858","267,725","277,480","308,786","348,152","354,247","327,609","375,133","364,566","384,580",,
"103,988","115,894","139,046","163,480","187,268","204,522","236,253","248,421","281,382","287,336","302,981","372,802","370,453","365,097","431,130","438,565","425,146",,
"80,606","86,707","95,358","110,099","132,105","154,309","185,992","212,036","233,862","240,513","258,892","282,666","281,860","256,857","286,011","295,043","303,699",,
"151,234","174,108","200,778","237,675","285,354","300,115","325,526","348,439","384,820","395,263","435,442","512,207","508,883","509,330","548,376","572,492","587,743",,
"79,736","87,874","99,958","112,886","137,599","152,841","177,347","197,069","213,303","226,283","239,786","261,675","259,738","240,045","265,461","267,227","272,062",,
"60,506","66,980","76,966","88,385","105,766","123,958","155,100","179,429","195,220","205,619","219,909","246,567","239,500","220,300","236,913","240,564","251,708",,
"92,897","101,348","116,167","127,104","148,563","166,361","191,741","208,832","211,010","221,438","237,632","257,468","244,788","243,188","274,303","264,782","270,016",,
"63,140","73,656","82,576","97,682","118,688","142,001","169,898","191,086","206,167","218,585","237,519","265,716","268,246","244,946","277,969","278,289","286,175",,
"57,220","61,660","68,395","77,328","90,019","103,975","127,476","148,721","173,461","177,735","195,072","204,528","205,923","189,114","205,306","203,758","194,417",,
"55,762","60,367","65,475","71,101","82,664","95,045","113,160","134,058","150,107","155,099","162,390","175,662","169,032","157,449","173,917","166,738","173,693",,
"64,837","71,135","79,452","85,986","100,688","115,073","133,310","155,317","171,595","180,182","187,577","197,906","193,820","183,594","206,604","198,949","210,053",,
"54,920","61,277","66,354","71,348","85,351","95,681","119,223","137,605","152,590","155,098","162,526","173,322","169,032","160,740","173,080","167,688","168,702",,
"72,047","81,377","91,581","111,824","132,495","143,312","170,775","180,470","190,416","198,851","209,026","228,308","221,459","213,346","228,106","225,380","235,502",,
"62,409","72,359","82,004","90,943","109,373","122,670","139,396","162,036","178,452","184,742","191,381","204,407","205,554","188,797","206,203","201,559","214,727",,
"55,222","59,532","67,307","75,401","91,772","101,290","124,931","147,012","161,111","163,315","169,211","176,605","173,430","165,937","178,557","173,330","172,628",,
"97,139","104,331","120,351","146,813","169,307","190,077","211,073","228,487","244,948","247,265","270,588","293,148","281,255","279,406","302,530","306,634","305,166",,
"129,221","145,452","171,029","206,196","245,626","262,325","280,724","306,838","327,618","342,430","356,759","408,749","420,510","390,733","421,233","427,226","438,775",,
"107,470","119,544","138,417","155,458","191,180","198,049","229,843","247,241","264,644","271,393","287,703","319,657","305,316","294,400","312,545","325,399","323,154",,
"113,702","127,839","142,839","159,536","187,185","203,766","230,431","258,391","279,441","292,786","313,943","344,532","356,011","321,716","363,689","356,521","359,717",,
"89,597","102,244","107,887","123,500","141,663","155,924","180,177","199,579","221,652","227,470","244,155","267,937","256,587","241,101","273,022","265,970","265,089",,
"145,934","164,002","197,309","210,004","250,149","280,529","302,722","339,263","381,533","370,126","417,817","440,483","506,960","423,954","457,202","455,212","467,800",,
"162,623","189,977","213,537","247,075","286,227","310,086","359,810","389,468","408,011","434,345","463,093","524,748","530,075","470,687","536,199","533,362","541,695",,
"104,124","116,669","131,391","146,163","173,952","186,123","210,657","244,842","256,624","272,820","283,891","318,275","314,785","295,550","338,294","328,080","332,395",,
"73,806","80,605","88,309","98,056","113,803","126,759","152,843","177,866","195,635","205,936","215,340","233,889","238,024","225,809","248,205","238,639","246,260",,
"59,525","65,233","70,884","78,558","97,475","113,278","132,764","161,435","173,966","185,969","188,049","204,195","204,332","189,542","204,901","198,586","199,265",,
"48,388","52,031","55,062","62,357","71,754","81,077","103,555","122,274","141,847","148,618","155,052","165,109","162,374","157,231","163,152","160,591","167,355",,
"77,580","85,444","92,166","105,019","124,048","141,649","167,232","188,481","212,815","224,611","234,943","264,953","264,889","242,242","268,915","269,828","273,333",,
"75,688","88,110","92,480","101,693","120,617","132,918","159,871","188,357","203,946","218,565","228,754","245,118","250,639","236,492","253,136","244,863","246,080",,
"94,471","101,226","115,441","128,938","150,918","163,473","198,044","224,575","240,607","252,422","262,505","282,406","297,041","272,484","302,758","282,780","294,926",,
"86,362","93,938","105,869","118,316","141,856","157,097","181,911","204,731","223,625","231,021","242,710","261,512","259,803","246,389","267,138","268,239","270,004",,
"86,830","95,657","111,117","125,919","146,776","164,863","178,418","201,046","216,067","219,049","230,690","254,088","241,024","230,425","249,669","248,699","255,645",,
"98,420","102,989","121,442","145,457","166,403","188,775","215,928","241,484","255,402","271,580","294,229","312,691","310,229","295,394","329,950","323,288","321,685",,
"74,226","80,494","88,322","99,616","118,545","135,368","161,503","182,918","201,751","207,549","216,411","232,426","229,298","213,567","224,197","229,788","233,422",,
"77,309","85,075","94,781","104,209","127,207","140,167","165,045","186,268","206,539","209,295","222,785","233,838","229,234","216,485","231,859","232,439","239,108",,
"54,432","57,217","60,599","66,779","78,743","93,695","119,512","137,737","152,769","156,908","163,800","167,433","170,247","162,543","168,812","166,242","169,006",,
"108,462","121,731","142,004","154,870","195,800","211,697","233,679","244,225","266,730","277,254","289,872","316,509","318,024","306,011","323,692","339,536","356,150",,
"70,589","77,185","82,940","91,541","104,221","117,571","142,225","163,916","184,032","186,808","199,097","212,166","202,856","195,144","219,335","208,567","211,745",,
"91,529","99,798","111,235","123,728","146,938","160,781","190,107","220,470","247,427","252,790","272,599","291,949","291,685","264,973","287,893","294,359","289,892",,
"71,885","81,126","89,171","99,698","118,469","132,634","153,850","170,442","181,322","186,448","195,426","211,984","205,937","194,223","216,593","212,059","211,868",,
"90,938","101,125","116,142","127,135","154,318","170,763","195,739","218,570","231,339","245,662","259,343","285,376","301,875","277,448","287,331","279,829","289,109",,
"117,032","125,211","137,163","153,766","195,036","207,583","241,509","266,090","292,296","308,211","311,066","345,596","345,169","319,138","352,729","361,281","361,756",,
"75,713","82,591","91,299","98,924","115,749","130,388","152,941","175,258","197,814","205,033","218,648","232,244","233,143","218,462","242,575","235,112","238,862",,
"81,531","87,714","94,525","102,714","121,705","134,104","157,993","178,856","197,349","205,337","223,410","235,575","238,746","217,536","231,323","219,269","229,267",,
"66,879","72,647","81,307","90,685","108,615","122,935","146,371","172,061","195,120","199,679","208,325","223,933","226,027","204,601","231,133","224,226","231,762",,
"68,628","75,735","80,808","88,034","106,579","119,467","148,063","175,325","183,759","187,076","197,397","213,549","211,357","186,293","212,119","203,040","223,118",,
"61,054","66,282","72,871","77,037","85,565","97,500","116,486","137,174","163,146","171,029","175,835","196,009","195,730","178,050","201,125","185,752","189,657",,
"68,032","71,400","80,412","87,688","97,689","116,177","135,451","158,389","176,726","181,137","189,151","203,245","200,576","187,032","208,169","204,810","205,803",,
"80,925","89,155","96,999","104,476","125,083","136,975","162,295","186,645","202,952","209,277","226,241","239,703","228,703","215,818","238,361","224,698","232,549",,
"115,347","129,655","146,714","146,495","189,282","214,124","244,449","272,819","300,072","306,117","336,329","363,328","389,103","359,921","389,595","402,243","404,997",,
"61,715","67,936","72,330","80,919","91,870","100,865","122,237","148,530","170,063","183,573","190,827","208,158","206,015","192,700","207,258","198,378","203,812",,
"60,151","64,477","70,441","78,498","92,019","101,742","123,902","143,447","163,020","169,751","180,259","183,725","190,032","171,573","181,359","178,704","179,915",,
"51,582","56,133","60,672","64,695","76,224","90,125","106,734","130,220","148,008","160,871","170,388","183,955","182,526","165,329","173,455","169,808","171,687",,
"98,930","113,416","126,911","132,704","156,326","171,040","199,878","213,912","243,347","240,583","267,404","280,648","268,622","254,104","292,212","293,439","286,642",,
"98,071","106,195","126,131","147,493","162,946","181,915","206,976","238,278","265,696","279,732","293,235","305,299","300,178","298,346","338,289","321,186","335,706",,
"94,021","103,144","116,113","131,538","160,297","174,127","203,105","226,514","242,989","246,886","270,176","288,891","293,128","272,320","311,944","307,906","318,975",,
"78,992","86,478","93,235","108,344","127,365","138,589","164,047","185,445","201,803","206,382","226,728","235,213","233,644","224,062","251,052","257,628","247,503",,
"97,607","108,993","124,019","137,363","168,339","192,836","220,924","249,037","268,676","271,046","288,247","305,915","334,419","303,160","341,296","358,899","373,716",,
"109,126","114,554","128,581","151,240","186,126","198,527","232,141","256,536","270,809","281,997","309,094","347,372","346,417","320,449","368,746","349,591","364,340",,
"93,481","102,932","121,100","130,150","165,152","178,641","208,575","228,520","240,069","245,180","273,454","293,808","297,425","261,682","309,362","290,694","315,529",,
"91,299","106,999","117,606","135,307","163,402","172,391","199,208","225,616","245,053","240,037","261,886","275,104","258,927","255,585","286,589","282,056","295,064",,
"120,273","134,211","154,241","175,546","208,790","226,197","255,565","275,889","299,399","309,886","335,030","371,529","370,132","352,002","395,543","394,155","400,790",,
"160,245","188,126","219,571","248,888","308,223","323,013","347,324","365,551","410,644","425,791","478,602","533,975","545,949","520,387","562,913","577,381","620,509",,
"108,703","121,246","139,213","151,804","185,245","208,694","236,763","245,757","280,951","290,604","308,372","333,429","324,525","302,370","352,546","353,047","356,157",,
"114,935","130,932","146,464","173,914","205,599","219,139","249,697","271,343","295,070","299,641","330,529","372,604","363,989","349,775","404,876","395,098","407,160",,
"133,354","145,174","170,592","180,156","221,421","238,675","275,620","289,352","314,931","344,761","357,907","385,841","402,921","361,551","424,910","413,727","425,355",,
"107,321","116,515","134,092","150,144","180,842","200,301","231,006","251,727","274,707","288,274","297,291","322,031","315,104","308,746","361,493","344,862","342,223",,
"118,090","134,867","157,998","184,110","196,587","211,333","255,737","259,275","272,660","286,597","316,475","384,553","377,113","346,895","359,472","372,951","371,888",,
"91,895","98,545","114,572","127,911","152,061","175,348","201,764","217,517","225,420","234,014","251,426","273,764","266,599","253,235","277,607","275,466","281,769",,
"119,149","127,900","145,425","168,724","197,787","210,001","242,000","270,848","282,418","283,418","300,080","342,412","324,577","308,279","339,397","333,097","344,788",,
"119,855","133,171","149,244","169,801","197,830","216,513","249,209","277,310","297,741","299,544","330,566","341,846","346,269","326,358","383,249","372,281","370,928",,
"126,270","142,196","161,531","180,598","216,680","242,226","260,601","300,709","317,946","327,911","351,419","397,898","401,779","373,118","420,030","422,320","422,585",,
"108,859","116,260","134,145","153,939","184,018","192,178","223,287","249,757","261,726","270,548","291,849","329,300","334,060","305,124","343,083","337,805","336,536",,
"81,547","90,314","102,001","112,378","135,062","150,150","175,884","202,480","220,245","226,523","239,863","261,485","262,089","242,599","271,725","268,529","271,530",,
"59,544","67,710","75,525","86,910","105,830","119,234","143,214","162,826","182,351","194,223","202,689","224,030","213,576","198,046","221,310","218,054","231,273",,
"71,508","79,599","89,154","96,240","115,137","131,593","157,565","183,992","199,175","205,145","217,424","236,566","235,213","214,953","240,080","232,925","243,524",,
"104,859","116,335","131,269","141,077","174,583","187,142","217,351","258,123","277,184","283,483","306,411","328,481","340,063","304,010","349,445","356,527","341,363",,
"71,101","75,524","86,796","94,094","111,383","123,628","143,437","163,451","179,878","188,129","195,124","211,764","209,724","186,108","204,313","200,993","207,985",,
"103,800","113,719","128,887","145,949","172,549","189,457","215,420","235,339","260,443","263,941","281,838","312,429","306,535","287,471","316,196","328,917","323,141",,
"88,872","99,488","114,202","128,353","154,259","172,548","195,675","232,070","244,255","248,092","266,442","289,701","294,713","275,288","298,917","298,380","297,578",,
"62,032","68,716","78,133","85,764","103,775","117,426","141,074","168,419","182,932","185,423","200,455","216,156","210,204","195,303","220,283","213,105","218,923",,
"83,302","87,428","98,405","113,885","142,673","156,108","184,108","216,105","234,767","242,872","256,152","287,970","276,455","256,875","295,506","286,947","293,338",,
"64,443","72,081","79,869","88,874","106,939","121,271","148,507","176,568","193,057","196,956","207,657","222,187","216,142","199,390","221,866","217,561","217,112",,
"59,951","68,016","75,566","85,251","96,926","114,526","138,979","157,979","171,110","177,358","191,687","209,340","198,963","190,960","210,133","206,490","211,913",,
0,0,0,0,0,0,0,0,0,0,0,0,"228,266","213,366","228,585","220,222","223,264",,
"108,555","128,919","155,109","169,737","208,939","168,844","224,906","286,891","280,069","305,617","398,842","392,476","335,000","405,429","342,727","363,700","365,077",,
"69,236","75,207","81,227","89,533","105,894","117,901","138,395","161,407","182,465","191,116","201,331","220,723","212,253","206,719","219,513","213,992","215,873",,
"49,800","53,588","54,446","57,498","64,674","74,739","93,611","109,705","133,350","146,483","156,979","167,241","157,046","153,109","159,999","155,763","159,354",,
"78,838","90,848","100,292","117,992","141,359","150,079","181,190","212,217","235,467","249,819","266,006","288,760","287,876","266,029","274,067","283,399","282,402",,
"66,689","71,285","80,859","86,719","101,772","114,648","138,642","159,721","177,477","183,995","194,176","212,854","205,415","193,124","211,804","206,347","208,557",,
"63,572","69,183","75,464","82,306","99,338","114,623","132,161","145,175","154,147","159,258","165,953","175,184","168,461","159,256","173,426","165,848","167,210",,
"59,654","67,212","69,745","75,923","85,141","98,095","118,669","141,752","166,247","175,037","182,614","197,503","190,625","175,737","186,100","181,886","181,157",,
"82,179","88,250","97,971","109,513","128,057","141,462","163,713","187,643","206,756","213,237","225,437","242,074","237,637","227,454","244,345","247,007","239,854",,
"69,996","75,083","80,335","88,682","102,644","118,262","146,743","176,909","204,812","212,158","223,990","243,006","238,384","225,038","241,575","234,727","234,701",,
"76,495","82,975","90,950","96,422","114,582","130,836","162,440","194,939","222,877","226,607","240,375","259,267","262,704","248,350","266,470","262,794","258,545",,
"65,283","68,416","72,304","75,766","87,147","102,191","128,917","153,955","179,158","179,681","198,292","207,360","210,257","196,003","206,182","211,429","216,333",,
"70,869","73,552","75,707","86,858","101,812","115,691","144,120","168,545","192,824","197,826","206,315","223,474","218,365","206,327","222,381","218,921","212,013",,
"60,834","66,250","74,303","80,485","95,361","112,599","134,172","163,465","198,300","202,614","211,816","235,952","227,844","211,073","225,327","217,884","218,070",,
"82,707","88,236","93,477","107,671","124,422","144,309","175,334","213,465","243,221","261,803","282,423","315,432","308,343","283,420","323,260","295,817","293,197",,
"66,739","72,261","78,799","88,780","100,133","113,694","141,651","170,580","195,822","207,856","217,157","232,965","224,458","216,232","226,172","222,686","226,409",,
"57,740","63,055","69,162","75,697","87,959","103,044","128,551","156,138","185,361","193,435","182,614","216,871","205,942","200,357","210,227","200,796","196,952",,
"73,890","81,706","82,161","94,540","104,619","119,365","156,317","184,193","208,345","226,398","237,528","255,595","233,245","223,047","236,610","227,715","237,550",,
"79,185","88,822","96,302","109,321","128,544","142,203","170,925","200,926","222,352","227,247","241,951","264,332","262,332","238,426","263,916","260,682","261,762",,
"82,009","92,953","102,168","116,891","137,734","154,253","176,650","212,389","236,304","239,196","252,102","279,655","276,231","252,564","285,176","279,282","283,095",,
"93,756","105,991","117,798","129,656","155,176","171,992","200,395","234,637","257,614","254,670","273,206","298,697","299,604","268,931","293,145","286,970","295,072",,
"77,478","87,069","93,635","110,476","129,200","136,888","169,270","190,666","211,850","212,070","223,002","247,302","242,002","227,624","253,745","236,753","241,730",,
"76,047","88,363","96,177","106,444","129,325","143,643","173,221","197,173","224,688","238,234","254,018","262,652","258,169","241,865","275,917","272,545","267,656",,
"79,302","89,032","98,845","110,271","126,799","142,071","169,311","204,124","226,760","238,925","250,017","267,236","269,639","242,066","261,207","267,712","266,967",,
"56,611","60,573","66,241","77,446","91,261","101,684","127,629","156,555","171,619","181,071","196,505","217,312","215,903","189,438","207,934","203,962","203,847",,
"73,754","80,670","87,524","98,212","112,607","127,078","149,105","173,184","194,072","202,946","212,623","231,218","224,574","213,145","236,157","230,648","231,004",,
"71,033","80,535","87,521","101,572","121,822","135,485","161,990","177,552","200,255","210,626","221,151","232,250","227,290","220,132","253,761","244,153","252,357",,
"106,039","118,347","134,417","149,518","172,328","183,924","220,166","252,982","268,844","288,689","297,395","328,707","332,494","318,152","351,051","334,788","336,958",,
"64,455","71,133","75,924","80,906","91,663","108,724","125,132","153,439","174,471","187,515","201,546","212,658","210,070","190,908","208,587","197,862","190,445",,
"53,534","59,261","62,799","66,755","75,921","87,161","106,173","124,930","141,788","148,265","157,985","169,839","159,859","146,632","157,094","150,611","153,590",,
"75,442","79,912","89,997","100,855","112,786","136,308","152,151","181,919","205,854","210,666","220,590","246,976","230,569","219,419","239,424","236,424","235,212",,
"74,334","83,137","88,849","99,610","111,358","124,443","148,444","175,857","195,104","193,574","207,874","233,397","215,417","202,372","232,020","227,559","226,536",,
"67,075","71,703","77,908","86,615","101,675","111,201","135,953","160,004","183,842","187,597","198,106","217,303","211,743","197,251","211,143","206,248","207,691",,
"69,403","72,661","79,938","87,469","103,150","117,406","142,228","165,664","187,885","191,311","200,169","221,989","211,725","206,772","221,835","220,136","219,056",,
"63,987","68,800","72,178","81,641","91,574","99,523","126,256","143,858","172,467","174,177","187,782","204,423","194,243","179,422","194,560","184,865","191,154",,
"64,630","71,614","77,630","89,821","105,256","114,820","134,866","162,335","187,880","186,709","199,788","216,562","214,163","197,086","209,484","206,954","205,755",,
"67,964","72,469","78,491","85,097","100,977","109,530","137,723","162,456","181,621","193,140","199,118","220,738","212,055","197,972","214,866","204,641","212,072",,
"78,575","75,413","89,749","91,411","119,223","122,347","148,432","181,006","197,300","210,633","216,408","239,067","258,221","223,087","226,981","231,673","220,749",,
"52,488","55,272","58,327","62,710","67,523","73,207","85,948","104,052","129,427","142,486","152,474","161,488","155,925","152,270","155,334","152,420","153,146",,
0,"53,726","55,565","58,578","61,906","68,821","80,370","100,241","136,231","156,001","163,135","174,800","180,904","167,724","169,102","161,393","161,935",,
0,"50,248","53,407","55,868","60,483","64,355","77,662","100,983","127,652","149,881","160,030","172,270","164,050","159,114","156,069","156,471","153,786",,
0,"56,933","59,357","62,848","67,681","74,731","90,029","115,626","145,661","160,195","168,917","172,712","164,351","158,338","167,079","164,696","160,826",,
0,"51,812","53,321","56,760","60,479","64,791","78,800","100,388","125,085","138,887","146,501","154,121","155,409","143,606","147,462","142,007","145,249",,
0,"58,755","63,079","66,782","70,494","77,729","87,594","108,044","131,126","146,695","159,667","165,877","159,505","153,707","153,427","156,070","161,554",,
0,"54,697","60,832","62,687","69,897","75,055","89,774","109,714","133,609","146,570","156,414","169,295","162,582","149,042","154,363","151,315","153,242",,
0,"59,191","63,419","68,175","77,274","82,497","101,217","125,072","152,704","162,891","177,204","192,121","182,783","174,505","184,159","175,060","171,694",,
0,"57,892","63,424","67,973","72,899","78,440","92,636","120,478","152,577","167,927","186,417","199,991","188,335","180,158","189,498","180,733","179,904",,
0,"53,066","56,003","59,411","66,354","73,057","90,277","116,395","144,404","164,347","179,159","191,943","186,360","179,605","183,040","173,014","171,803",,
0,"47,269","51,253","52,616","54,532","60,641","68,462","89,831","118,590","136,187","143,788","156,399","151,223","144,632","145,070","142,390","140,841",,
0,"56,654","58,260","59,413","66,208","69,496","77,692","95,986","127,387","138,851","147,706","156,714","157,059","154,503","154,834","149,291","150,313",,
0,"43,104","44,708","47,878","51,020","55,489","56,260","66,382","88,885","106,076","110,134","121,439","119,373","112,581","110,376","107,246","108,735",,
0,"54,014","56,341","62,541","67,912","68,244","74,256","90,781","116,435","134,023","139,612","142,820","138,627","138,367","138,443","138,962","136,174",,
0,"73,822","78,897","84,842","87,106","94,463","112,094","137,321","162,889","173,132","186,242","195,835","199,758","200,273","205,246","204,153","206,657",,
0,"64,295","68,915","77,745","84,852","96,171","121,502","140,928","160,257","170,409","178,145","184,428","175,194","174,139","184,133","181,735","182,005",,
0,"40,763","43,583","47,236","46,828","49,409","56,779","68,279","88,023","96,873","107,611","114,540","108,596","106,463","106,608","104,881","106,586",,
0,"37,343","36,478","39,630","42,862","43,265","46,816","54,824","68,787","89,935","102,983","112,135","103,677","97,113","98,236","102,453","99,892",,
0,"47,599","49,453","53,059","58,013","60,293","66,367","80,145","101,679","113,582","126,095","134,588","129,268","118,305","119,019","121,670","122,196",,
0,"34,612","33,150","36,923","39,188","36,673","43,860","46,943","69,436","85,851","90,243","96,500","96,419","86,263","86,048","84,260","81,585",,
0,"50,636","58,526","55,484","57,926","62,246","68,679","90,904","111,066","118,483","129,157","139,828","135,067","127,368","129,214","132,208","133,280",,
0,"75,474","83,117","90,909","98,330","112,534","134,284","161,326","185,593","205,165","215,448","228,880","220,478","207,074","225,583","219,226","222,006",,
0,"57,182","61,520","65,727","73,510","77,812","91,785","108,667","134,928","147,993","153,489","165,249","150,383","140,356","146,407","142,269","149,228",,
,,,,,,,,,,,,,,,,,,
